Position X,Position Y,Position Z
298.415,1703.33,9.29816
291.306,1705.93,7.41791
