Position X,Position Y,Position Z
414.01,593.705,-0.453806
353.892,535.386,-2.70622
200.451,820.605,-2.72606
