Position X,Position Y,Position Z
319.84,1282.81,3.68678
362.701,988.938,-0.676154
