Position X,Position Y,Position Z
513.203,1653.39,4.11023
509.869,1648.43,1.92401
