Position X,Position Y,Position Z
444.956,275.788,-0.0737585
567.002,1120.04,0.305863
363.941,1765.99,4.25348
